{"cameraMode":{"drawMode":0,"name":"Shaded","section":"Shading Mode"},"sceneLighting":true,"audioPlay":false,"sceneViewState":{"showFog":true,"showMaterialUpdate":false,"showSkybox":true,"showFlares":true,"showImageEffects":true,"showParticleSystems":true},"in2DMode":false,"pivot":{"x":-3.4785404205322267,"y":-1.219510555267334,"z":0.7406301498413086},"rotation":{"x":-0.13678860664367677,"y":0.5130788683891296,"z":-0.08322678506374359,"w":-0.8432793021202087},"size":10.407719612121582,"orthographic":false}